{"cameraMode":{"drawMode":0,"name":"Shaded","section":"Shading Mode"},"sceneLighting":true,"audioPlay":false,"sceneViewState":{"showFog":true,"showMaterialUpdate":true,"showSkybox":true,"showFlares":true,"showImageEffects":false,"showParticleSystems":true},"in2DMode":false,"pivot":{"x":-18.690000534057618,"y":1.5699996948242188,"z":22.139999389648439},"rotation":{"x":-0.1507646143436432,"y":0.435945063829422,"z":-0.07433924823999405,"w":-0.8841355443000794},"size":1.7432379722595215,"orthographic":false}